state_fips,state,state_abbr,zipcode,county,city
6,California,CA,89439,Sierra,
6,California,CA,90001,Los Angeles,Los angeles
6,California,CA,90002,Los Angeles,Los angeles
6,California,CA,90003,Los Angeles,Los angeles
6,California,CA,90004,Los Angeles,Los angeles
6,California,CA,90005,Los Angeles,Los angeles
6,California,CA,90006,Los Angeles,Los angeles
6,California,CA,90007,Los Angeles,Los angeles
6,California,CA,90008,Los Angeles,Los angeles
6,California,CA,90010,Los Angeles,Los angeles
6,California,CA,90011,Los Angeles,Los angeles
6,California,CA,90012,Los Angeles,Los angeles
6,California,CA,90013,Los Angeles,Los angeles
6,California,CA,90014,Los Angeles,Los angeles
6,California,CA,90015,Los Angeles,Los angeles
6,California,CA,90016,Los Angeles,Los angeles
6,California,CA,90017,Los Angeles,Los angeles
6,California,CA,90018,Los Angeles,Los angeles
6,California,CA,90019,Los Angeles,Los angeles
6,California,CA,90020,Los Angeles,Los angeles
6,California,CA,90021,Los Angeles,Los angeles
6,California,CA,90022,Los Angeles,East los angeles
6,California,CA,90023,Los Angeles,Los angeles
6,California,CA,90024,Los Angeles,Los angeles
6,California,CA,90025,Los Angeles,Los angeles
6,California,CA,90026,Los Angeles,Los angeles
6,California,CA,90027,Los Angeles,Los angeles
6,California,CA,90028,Los Angeles,Los angeles
6,California,CA,90029,Los Angeles,Los angeles
6,California,CA,90031,Los Angeles,Los angeles
6,California,CA,90032,Los Angeles,Los angeles
6,California,CA,90033,Los Angeles,Los angeles
6,California,CA,90034,Los Angeles,Los angeles
6,California,CA,90035,Los Angeles,Los angeles
6,California,CA,90036,Los Angeles,Los angeles
6,California,CA,90037,Los Angeles,Los angeles
6,California,CA,90038,Los Angeles,Los angeles
6,California,CA,90039,Los Angeles,Los angeles
6,California,CA,90040,Los Angeles,City of commerce
6,California,CA,90041,Los Angeles,Los angeles
6,California,CA,90042,Los Angeles,Los angeles
6,California,CA,90043,Los Angeles,Los angeles
6,California,CA,90044,Los Angeles,Los angeles
6,California,CA,90045,Los Angeles,Los angeles
6,California,CA,90046,Los Angeles,Cole
6,California,CA,90047,Los Angeles,Los angeles
6,California,CA,90048,Los Angeles,Los angeles
6,California,CA,90049,Los Angeles,Los angeles
6,California,CA,90056,Los Angeles,Los angeles
6,California,CA,90057,Los Angeles,Los angeles
6,California,CA,90058,Los Angeles,Vernon
6,California,CA,90059,Los Angeles,Los angeles
6,California,CA,90061,Los Angeles,Los angeles
6,California,CA,90062,Los Angeles,Los angeles
6,California,CA,90063,Los Angeles,Hazard
6,California,CA,90064,Los Angeles,Los angeles
6,California,CA,90065,Los Angeles,Los angeles
6,California,CA,90066,Los Angeles,Los angeles
6,California,CA,90067,Los Angeles,Los angeles
6,California,CA,90068,Los Angeles,Los angeles
6,California,CA,90069,Los Angeles,West hollywood
6,California,CA,90071,Los Angeles,Los angeles
6,California,CA,90077,Los Angeles,Los angeles
6,California,CA,900HH,Los Angeles,Los angeles
6,California,CA,90201,Los Angeles,Bell gardens
6,California,CA,90210,Los Angeles,Beverly hills
6,California,CA,90211,Los Angeles,Beverly hills
6,California,CA,90212,Los Angeles,Beverly hills
6,California,CA,90220,Los Angeles,Rancho dominguez
6,California,CA,90221,Los Angeles,East rancho domi
6,California,CA,90222,Los Angeles,Rosewood
6,California,CA,90230,Los Angeles,Culver city
6,California,CA,90232,Los Angeles,Culver city
6,California,CA,90240,Los Angeles,Downey
6,California,CA,90241,Los Angeles,Downey
6,California,CA,90242,Los Angeles,Downey
6,California,CA,90245,Los Angeles,El segundo
6,California,CA,90247,Los Angeles,Gardena
6,California,CA,90248,Los Angeles,Gardena
6,California,CA,90249,Los Angeles,Gardena
6,California,CA,90250,Los Angeles,Holly park
6,California,CA,90254,Los Angeles,Hermosa beach
6,California,CA,90255,Los Angeles,Huntington park
6,California,CA,90260,Los Angeles,Lawndale
6,California,CA,90261,Los Angeles,Lawndale
6,California,CA,90262,Los Angeles,Lynwood
6,California,CA,90263,Los Angeles,Malibu
6,California,CA,90265,Los Angeles,Malibu
6,California,CA,90266,Los Angeles,Manhattan beach
6,California,CA,90270,Los Angeles,Maywood
6,California,CA,90272,Los Angeles,Pacific palisade
6,California,CA,90274,Los Angeles,Palos verdes est
6,California,CA,90275,Los Angeles,Zcta 90275
6,California,CA,90277,Los Angeles,Redondo beach
6,California,CA,90278,Los Angeles,Redondo beach
6,California,CA,90280,Los Angeles,South gate
6,California,CA,90290,Los Angeles,Topanga
6,California,CA,90291,Los Angeles,Venice
6,California,CA,90292,Los Angeles,Marina del rey
6,California,CA,90293,Los Angeles,Playa del rey
6,California,CA,902HH,Los Angeles,Zcta 902hh
6,California,CA,90301,Los Angeles,Inglewood
6,California,CA,90302,Los Angeles,Inglewood
6,California,CA,90303,Los Angeles,Inglewood
6,California,CA,90304,Los Angeles,Lennox
6,California,CA,90305,Los Angeles,Inglewood
6,California,CA,90401,Los Angeles,Santa monica
6,California,CA,90402,Los Angeles,Santa monica
6,California,CA,90403,Los Angeles,Santa monica
6,California,CA,90404,Los Angeles,Santa monica
6,California,CA,90405,Los Angeles,Santa monica
6,California,CA,904HH,Los Angeles,Zcta 904hh
6,California,CA,90501,Los Angeles,Torrance
6,California,CA,90502,Los Angeles,Torrance
6,California,CA,90503,Los Angeles,Torrance
6,California,CA,90504,Los Angeles,Torrance
6,California,CA,90505,Los Angeles,Torrance
6,California,CA,90601,Los Angeles,Whittier
6,California,CA,90602,Los Angeles,Whittier
6,California,CA,90603,Los Angeles,Whittier
6,California,CA,90604,Los Angeles,Whittier
6,California,CA,90605,Los Angeles,Whittier
6,California,CA,90606,Los Angeles,Los nietos
6,California,CA,90620,Orange,Buena park
6,California,CA,90621,Orange,Buena park
6,California,CA,90623,Orange,Cerritos
6,California,CA,90630,Orange,Cypress
6,California,CA,90631,Orange,La habra heights
6,California,CA,90638,Los Angeles,La mirada
6,California,CA,90640,Los Angeles,Montebello
6,California,CA,90650,Los Angeles,Norwalk
6,California,CA,90660,Los Angeles,Pico rivera
6,California,CA,90670,Los Angeles,Santa fe springs
6,California,CA,90680,Orange,Stanton
6,California,CA,906HH,Los Angeles,Zcta 906hh
6,California,CA,90701,Los Angeles,Cerritos
6,California,CA,90703,Los Angeles,Cerritos
6,California,CA,90704,Los Angeles,Avalon
6,California,CA,90706,Los Angeles,Bellflower
6,California,CA,90710,Los Angeles,Harbor city
6,California,CA,90712,Los Angeles,Lakewood
6,California,CA,90713,Los Angeles,Lakewood
6,California,CA,90715,Los Angeles,Lakewood
6,California,CA,90716,Los Angeles,Hawaiian gardens
6,California,CA,90717,Los Angeles,Rancho palos ver
6,California,CA,90720,Orange,Rossmoor
6,California,CA,90723,Los Angeles,Paramount
6,California,CA,90731,Los Angeles,San pedro
6,California,CA,90732,Los Angeles,Rancho palos ver
6,California,CA,90740,Orange,Seal beach
6,California,CA,90742,Orange,Sunset beach
6,California,CA,90743,Orange,Surfside
6,California,CA,90744,Los Angeles,Wilmington
6,California,CA,90745,Los Angeles,Carson
6,California,CA,90746,Los Angeles,Carson
6,California,CA,907HH,Los Angeles,Zcta 907hh
6,California,CA,907XX,Los Angeles,Zcta 907xx
6,California,CA,90802,Los Angeles,Long beach
6,California,CA,90803,Los Angeles,Long beach
6,California,CA,90804,Los Angeles,Signal hill
6,California,CA,90805,Los Angeles,Long beach
6,California,CA,90806,Los Angeles,Signal hill
6,California,CA,90807,Los Angeles,Signal hill
6,California,CA,90808,Los Angeles,Long beach
6,California,CA,90810,Los Angeles,Carson
6,California,CA,90813,Los Angeles,Long beach
6,California,CA,90814,Los Angeles,Long beach
6,California,CA,90815,Los Angeles,Long beach
6,California,CA,90822,Los Angeles,Long beach
6,California,CA,908HH,Los Angeles,Zcta 908hh
6,California,CA,91001,Los Angeles,Altadena
6,California,CA,91006,Los Angeles,Arcadia
6,California,CA,91007,Los Angeles,Arcadia
6,California,CA,91010,Los Angeles,Bradbury
6,California,CA,91011,Los Angeles,Flintridge
6,California,CA,91016,Los Angeles,Monrovia
6,California,CA,91020,Los Angeles,Montrose
6,California,CA,91024,Los Angeles,Sierra madre
6,California,CA,91030,Los Angeles,South pasadena
6,California,CA,91040,Los Angeles,Shadow hills
6,California,CA,91042,Los Angeles,Tujunga
6,California,CA,910HH,Los Angeles,Zcta 910hh
6,California,CA,910XX,Los Angeles,Zcta 910xx
6,California,CA,91101,Los Angeles,Pasadena
6,California,CA,91103,Los Angeles,Pasadena
6,California,CA,91104,Los Angeles,Pasadena
6,California,CA,91105,Los Angeles,Pasadena
6,California,CA,91106,Los Angeles,Pasadena
6,California,CA,91107,Los Angeles,Pasadena
6,California,CA,91108,Los Angeles,San marino
6,California,CA,91201,Los Angeles,Glendale
6,California,CA,91202,Los Angeles,Glendale
6,California,CA,91203,Los Angeles,Glendale
6,California,CA,91204,Los Angeles,Glendale
6,California,CA,91205,Los Angeles,Glendale
6,California,CA,91206,Los Angeles,Glendale
6,California,CA,91207,Los Angeles,Glendale
6,California,CA,91208,Los Angeles,Glendale
6,California,CA,91214,Los Angeles,La crescenta
6,California,CA,91301,Los Angeles,Oak park
6,California,CA,91302,Los Angeles,Calabasas
6,California,CA,91303,Los Angeles,Canoga park
6,California,CA,91304,Los Angeles,Canoga park
6,California,CA,91306,Los Angeles,Winnetka
6,California,CA,91307,Los Angeles,West hills
6,California,CA,91311,Los Angeles,Chatsworth
6,California,CA,91316,Los Angeles,Encino
6,California,CA,91320,Ventura,Newbury park
6,California,CA,91321,Los Angeles,Newhall
6,California,CA,91324,Los Angeles,Northridge
6,California,CA,91325,Los Angeles,Northridge
6,California,CA,91326,Los Angeles,Porter ranch
6,California,CA,91331,Los Angeles,Arleta
6,California,CA,91335,Los Angeles,Reseda
6,California,CA,91340,Los Angeles,San fernando
6,California,CA,91342,Los Angeles,Sylmar
6,California,CA,91343,Los Angeles,North hills
6,California,CA,91344,Los Angeles,Granada hills
6,California,CA,91345,Los Angeles,Mission hills
6,California,CA,91350,Los Angeles,Agua dulce
6,California,CA,91351,Los Angeles,Canyon country
6,California,CA,91352,Los Angeles,Sun valley
6,California,CA,91354,Los Angeles,Valencia
6,California,CA,91355,Los Angeles,Valencia
6,California,CA,91356,Los Angeles,Tarzana
6,California,CA,91360,Ventura,Thousand oaks
6,California,CA,91361,Ventura,Westlake village
6,California,CA,91362,Ventura,Westlake village
6,California,CA,91364,Los Angeles,Woodland hills
6,California,CA,91367,Los Angeles,Woodland hills
6,California,CA,91377,Ventura,Zcta 91377
6,California,CA,91381,Los Angeles,Newhall
6,California,CA,91384,Los Angeles,Castaic
6,California,CA,913HH,Los Angeles,Zcta 913hh
6,California,CA,913XX,Los Angeles,Zcta 913xx
6,California,CA,91401,Los Angeles,Van nuys
6,California,CA,91402,Los Angeles,Panorama city
6,California,CA,91403,Los Angeles,Sherman oaks
6,California,CA,91405,Los Angeles,Van nuys
6,California,CA,91406,Los Angeles,Van nuys
6,California,CA,91411,Los Angeles,Van nuys
6,California,CA,91423,Los Angeles,Sherman oaks
6,California,CA,91436,Los Angeles,Encino
6,California,CA,91501,Los Angeles,Burbank
6,California,CA,91502,Los Angeles,Burbank
6,California,CA,91504,Los Angeles,Burbank
6,California,CA,91505,Los Angeles,Burbank
6,California,CA,91506,Los Angeles,Burbank
6,California,CA,91601,Los Angeles,North hollywood
6,California,CA,91602,Los Angeles,Toluca lake
6,California,CA,91604,Los Angeles,Studio city
6,California,CA,91605,Los Angeles,North hollywood
6,California,CA,91606,Los Angeles,North hollywood
6,California,CA,91607,Los Angeles,Valley village
6,California,CA,91608,Los Angeles,Universal city
6,California,CA,91701,San Bernardino,Alta loma
6,California,CA,91702,Los Angeles,Azusa
6,California,CA,91706,Los Angeles,Irwindale
6,California,CA,91709,San Bernardino,Chino hills
6,California,CA,91710,San Bernardino,Chino
6,California,CA,91711,Los Angeles,Claremont
6,California,CA,91719,Riverside,Corona
6,California,CA,91722,Los Angeles,Covina
6,California,CA,91723,Los Angeles,Covina
6,California,CA,91724,Los Angeles,Covina
6,California,CA,91730,San Bernardino,Rancho cucamonga
6,California,CA,91731,Los Angeles,El monte
6,California,CA,91732,Los Angeles,El monte
6,California,CA,91733,Los Angeles,South el monte
6,California,CA,91737,San Bernardino,Alta loma
6,California,CA,91739,San Bernardino,Etiwanda
6,California,CA,91740,Los Angeles,Glendora
6,California,CA,91741,Los Angeles,Glendora
6,California,CA,91743,San Bernardino,Guasti
6,California,CA,91744,Los Angeles,Industry
6,California,CA,91745,Los Angeles,Hacienda heights
6,California,CA,91746,Los Angeles,Bassett
6,California,CA,91748,Los Angeles,Rowland heights
6,California,CA,91750,Los Angeles,La verne
6,California,CA,91752,Riverside,Mira loma
6,California,CA,91754,Los Angeles,Monterey park
6,California,CA,91755,Los Angeles,Monterey park
6,California,CA,91759,Los Angeles,Mt baldy
6,California,CA,91761,San Bernardino,Ontario
6,California,CA,91762,San Bernardino,Ontario
6,California,CA,91763,San Bernardino,Montclair
6,California,CA,91764,San Bernardino,Ontario
6,California,CA,91765,Los Angeles,Diamond bar
6,California,CA,91766,Los Angeles,Phillips ranch
6,California,CA,91767,Los Angeles,Pomona
6,California,CA,91768,Los Angeles,Pomona
6,California,CA,91770,Los Angeles,Rosemead
6,California,CA,91773,Los Angeles,San dimas
6,California,CA,91775,Los Angeles,San gabriel
6,California,CA,91776,Los Angeles,San gabriel
6,California,CA,91780,Los Angeles,Temple city
6,California,CA,91784,San Bernardino,Upland
6,California,CA,91786,San Bernardino,Upland
6,California,CA,91789,Los Angeles,Diamond bar
6,California,CA,91790,Los Angeles,West covina
6,California,CA,91791,Los Angeles,West covina
6,California,CA,91792,Los Angeles,West covina
6,California,CA,917HH,Los Angeles,Zcta 917hh
6,California,CA,917XX,Los Angeles,Zcta 917xx
6,California,CA,91801,Los Angeles,Alhambra
6,California,CA,91803,Los Angeles,Alhambra
6,California,CA,91901,San Diego,Alpine
6,California,CA,91902,San Diego,Bonita
6,California,CA,91905,San Diego,Boulevard
6,California,CA,91906,San Diego,Campo
6,California,CA,91910,San Diego,Chula vista
6,California,CA,91911,San Diego,Chula vista
6,California,CA,91913,San Diego,Chula vista
6,California,CA,91914,San Diego,Chula vista
6,California,CA,91915,San Diego,Chula vista
6,California,CA,91916,San Diego,Descanso
6,California,CA,91917,San Diego,Dulzura
6,California,CA,91931,San Diego,Guatay
6,California,CA,91932,San Diego,Imperial beach
6,California,CA,91934,San Diego,Jacumba
6,California,CA,91935,San Diego,Jamul
6,California,CA,91941,San Diego,La mesa
6,California,CA,91942,San Diego,La mesa
6,California,CA,91945,San Diego,Lemon grove
6,California,CA,91948,San Diego,Mount laguna
6,California,CA,91950,San Diego,National city
6,California,CA,91962,San Diego,Pine valley
6,California,CA,91963,San Diego,Potrero
6,California,CA,91977,San Diego,Spring valley
6,California,CA,91978,San Diego,Spring valley
6,California,CA,91980,San Diego,Tecate
6,California,CA,919HH,San Diego,Zcta 919hh
6,California,CA,919XX,San Diego,Zcta 919xx
6,California,CA,92003,San Diego,Bonsall
6,California,CA,92004,San Diego,Borrego springs
6,California,CA,92007,San Diego,Cardiff by the s
6,California,CA,92008,San Diego,Carlsbad
6,California,CA,92009,San Diego,Carlsbad
6,California,CA,92014,San Diego,Del mar
6,California,CA,92019,San Diego,El cajon
6,California,CA,92020,San Diego,El cajon
6,California,CA,92021,San Diego,El cajon
6,California,CA,92024,San Diego,Encinitas
6,California,CA,92025,San Diego,Escondido
6,California,CA,92026,San Diego,Escondido
6,California,CA,92027,San Diego,Escondido
6,California,CA,92028,San Diego,Fallbrook
6,California,CA,92029,San Diego,Escondido
6,California,CA,92036,San Diego,Julian
6,California,CA,92037,San Diego,La jolla
6,California,CA,92040,San Diego,Lakeside
6,California,CA,92054,San Diego,Oceanside
6,California,CA,92056,San Diego,Oceanside
6,California,CA,92057,San Diego,Oceanside
6,California,CA,92059,San Diego,Pala
6,California,CA,92060,San Diego,Palomar mountain
6,California,CA,92061,San Diego,Pauma valley
6,California,CA,92064,San Diego,Poway
6,California,CA,92065,San Diego,Ramona
6,California,CA,92066,San Diego,Ranchita
6,California,CA,92067,San Diego,Rancho santa fe
6,California,CA,92069,San Diego,San marcos
6,California,CA,92070,San Diego,Santa ysabel
6,California,CA,92071,San Diego,Santee
6,California,CA,92075,San Diego,Solana beach
6,California,CA,92078,San Diego,Zcta 92078
6,California,CA,92082,San Diego,Valley center
6,California,CA,92083,San Diego,Vista
6,California,CA,92084,San Diego,Vista
6,California,CA,92086,San Diego,Warner springs
6,California,CA,92091,San Diego,Zcta 92091
6,California,CA,920HH,San Diego,Zcta 920hh
6,California,CA,920XX,San Diego,Zcta 920xx
6,California,CA,92101,San Diego,San diego
6,California,CA,92102,San Diego,San diego
6,California,CA,92103,San Diego,San diego
6,California,CA,92104,San Diego,San diego
6,California,CA,92105,San Diego,San diego
6,California,CA,92106,San Diego,San diego
6,California,CA,92107,San Diego,San diego
6,California,CA,92108,San Diego,San diego
6,California,CA,92109,San Diego,San diego
6,California,CA,92110,San Diego,San diego
6,California,CA,92111,San Diego,San diego
6,California,CA,92113,San Diego,San diego
6,California,CA,92114,San Diego,San diego
6,California,CA,92115,San Diego,San diego
6,California,CA,92116,San Diego,San diego
6,California,CA,92117,San Diego,San diego
6,California,CA,92118,San Diego,Coronado
6,California,CA,92119,San Diego,San diego
6,California,CA,92120,San Diego,San diego
6,California,CA,92121,San Diego,San diego
6,California,CA,92122,San Diego,San diego
6,California,CA,92123,San Diego,San diego
6,California,CA,92124,San Diego,San diego
6,California,CA,92126,San Diego,San diego
6,California,CA,92127,San Diego,San diego
6,California,CA,92128,San Diego,San diego
6,California,CA,92129,San Diego,San diego
6,California,CA,92130,San Diego,San diego
6,California,CA,92131,San Diego,San diego
6,California,CA,92139,San Diego,San diego
6,California,CA,92154,San Diego,San diego
6,California,CA,92173,San Diego,San ysidro
6,California,CA,921HH,San Diego,Zcta 921hh
6,California,CA,92201,Riverside,Chiriaco summit
6,California,CA,92203,Riverside,Indio
6,California,CA,92210,Riverside,Indian wells
6,California,CA,92211,Riverside,Palm desert
6,California,CA,92220,Riverside,Banning
6,California,CA,92223,Riverside,Beaumont
6,California,CA,92225,Riverside,Lost lake
6,California,CA,92227,Imperial,Brawley
6,California,CA,92230,Riverside,Cabazon
6,California,CA,92231,Imperial,Calexico
6,California,CA,92233,Imperial,Calipatria
6,California,CA,92234,Riverside,Cathedral city
6,California,CA,92236,Riverside,Coachella
6,California,CA,92239,Riverside,Eagle mountain
6,California,CA,92240,Riverside,Desert hot sprin
6,California,CA,92241,Riverside,Desert hot sprin
6,California,CA,92242,San Bernardino,Big river
6,California,CA,92243,Imperial,El centro
6,California,CA,92249,Imperial,Heber
6,California,CA,92250,Imperial,Holtville
6,California,CA,92251,Imperial,Imperial
6,California,CA,92252,San Bernardino,Joshua tree
6,California,CA,92253,Riverside,La quinta
6,California,CA,92254,Riverside,Mecca
6,California,CA,92256,San Bernardino,Morongo valley
6,California,CA,92257,Imperial,Niland
6,California,CA,92258,Riverside,North palm sprin
6,California,CA,92259,Imperial,Ocotillo
6,California,CA,92260,Riverside,Palm city
6,California,CA,92262,Riverside,Palm springs
6,California,CA,92264,Riverside,Palm springs
6,California,CA,92266,Imperial,Palo verde
6,California,CA,92267,San Bernardino,Parker dam
6,California,CA,92268,San Bernardino,Pioneertown
6,California,CA,92270,Riverside,Rancho mirage
6,California,CA,92273,Imperial,Seeley
6,California,CA,92274,Riverside,Salton city
6,California,CA,92275,Imperial,Salton city
6,California,CA,92276,Riverside,Thousand palms
6,California,CA,92277,San Bernardino,Twentynine palms
6,California,CA,92278,San Bernardino,Twentynine palms
6,California,CA,92280,San Bernardino,Vidal
6,California,CA,92281,Imperial,Westmorland
6,California,CA,92282,Riverside,White water
6,California,CA,92283,Imperial,Felicity
6,California,CA,92284,San Bernardino,Yucca valley
6,California,CA,92285,San Bernardino,Landers
6,California,CA,922HH,Imperial,Zcta 922hh
6,California,CA,922XX,Riverside,Zcta 922xx
6,California,CA,92301,San Bernardino,Adelanto
6,California,CA,92304,San Bernardino,Amboy
6,California,CA,92305,San Bernardino,Angelus oaks
6,California,CA,92307,San Bernardino,Apple valley
6,California,CA,92308,San Bernardino,Apple valley
6,California,CA,92309,San Bernardino,Baker
6,California,CA,92310,San Bernardino,Fort irwin
6,California,CA,92311,San Bernardino,Barstow
6,California,CA,92313,San Bernardino,Zcta 92313
6,California,CA,92314,San Bernardino,Big bear city
6,California,CA,92315,San Bernardino,Big bear lake
6,California,CA,92316,San Bernardino,Bloomington
6,California,CA,92317,San Bernardino,Blue jay
6,California,CA,92318,San Bernardino,Bryn mawr
6,California,CA,92320,Riverside,Calimesa
6,California,CA,92321,San Bernardino,Cedar glen
6,California,CA,92323,San Bernardino,Cima
6,California,CA,92324,San Bernardino,Grand terrace
6,California,CA,92325,San Bernardino,Crestline
6,California,CA,92327,San Bernardino,Daggett
6,California,CA,92328,Inyo,Death valley
6,California,CA,92332,San Bernardino,Essex
6,California,CA,92333,San Bernardino,Fawnskin
6,California,CA,92335,San Bernardino,Fontana
6,California,CA,92336,San Bernardino,Fontana
6,California,CA,92337,San Bernardino,Fontana
6,California,CA,92338,San Bernardino,Ludlow
6,California,CA,92339,San Bernardino,Forest falls
6,California,CA,92341,San Bernardino,Green valley lak
6,California,CA,92342,San Bernardino,Helendale
6,California,CA,92345,San Bernardino,Hesperia
6,California,CA,92346,San Bernardino,East highland
6,California,CA,92347,San Bernardino,Hinkley
6,California,CA,92352,San Bernardino,Lake arrowhead
6,California,CA,92354,San Bernardino,Loma linda
6,California,CA,92356,San Bernardino,Lucerne valley
6,California,CA,92358,San Bernardino,Lytle creek
6,California,CA,92359,San Bernardino,Mentone
6,California,CA,92363,San Bernardino,Needles
6,California,CA,92364,San Bernardino,Nipton
6,California,CA,92365,San Bernardino,Newberry springs
6,California,CA,92368,San Bernardino,Oro grande
6,California,CA,92371,San Bernardino,Phelan
6,California,CA,92372,San Bernardino,Pinon hills
6,California,CA,92373,San Bernardino,Redlands
6,California,CA,92374,San Bernardino,Redlands
6,California,CA,92376,San Bernardino,Rialto
6,California,CA,92377,San Bernardino,Rialto
6,California,CA,92382,San Bernardino,Arrowbear lake
6,California,CA,92384,Inyo,Shoshone
6,California,CA,92386,San Bernardino,Sugarloaf
6,California,CA,92389,Inyo,Tecopa
6,California,CA,92392,San Bernardino,Spring valley la
6,California,CA,92394,San Bernardino,George afb
6,California,CA,92397,San Bernardino,Wrightwood
6,California,CA,92398,San Bernardino,Yermo
6,California,CA,92399,San Bernardino,Yucaipa
6,California,CA,923HH,San Bernardino,Zcta 923hh
6,California,CA,923XX,Inyo,Zcta 923xx
6,California,CA,92401,San Bernardino,San bernardino
6,California,CA,92404,San Bernardino,San bernardino
6,California,CA,92405,San Bernardino,Muscoy
6,California,CA,92407,San Bernardino,San bernardino
6,California,CA,92408,San Bernardino,San bernardino
6,California,CA,92410,San Bernardino,San bernardino
6,California,CA,92411,San Bernardino,San bernardino
6,California,CA,92501,Riverside,Riverside
6,California,CA,92503,Riverside,Riverside
6,California,CA,92504,Riverside,Riverside
6,California,CA,92505,Riverside,Riverside
6,California,CA,92506,Riverside,Riverside
6,California,CA,92507,Riverside,Riverside
6,California,CA,92508,Riverside,Riverside
6,California,CA,92509,Riverside,Rubidoux
6,California,CA,92518,Riverside,March air force
6,California,CA,92530,Riverside,Lake elsinore
6,California,CA,92532,Riverside,Lake elsinore
6,California,CA,92536,Riverside,Aguanga
6,California,CA,92539,Riverside,Anza
6,California,CA,92543,Riverside,Hemet
6,California,CA,92544,Riverside,Hemet
6,California,CA,92545,Riverside,Hemet
6,California,CA,92548,Riverside,Homeland
6,California,CA,92549,Riverside,Idyllwild
6,California,CA,92551,Riverside,Zcta 92551
6,California,CA,92553,Riverside,Moreno valley
6,California,CA,92555,Riverside,Moreno valley
6,California,CA,92557,Riverside,Moreno valley
6,California,CA,92561,Riverside,Mountain center
6,California,CA,92562,Riverside,Murrieta
6,California,CA,92563,Riverside,Murrieta
6,California,CA,92567,Riverside,Lakeview
6,California,CA,92570,Riverside,Mead valley
6,California,CA,92571,Riverside,Perris
6,California,CA,92582,Riverside,San jacinto
6,California,CA,92583,Riverside,Gilman hot sprin
6,California,CA,92584,Riverside,Menifee
6,California,CA,92585,Riverside,Romoland
6,California,CA,92586,Riverside,Sun city
6,California,CA,92587,Riverside,Canyon lake
6,California,CA,92590,Riverside,Temecula
6,California,CA,92591,Riverside,Temecula
6,California,CA,92592,Riverside,Temecula
6,California,CA,92595,Riverside,Wildomar
6,California,CA,92596,Riverside,Winchester
6,California,CA,925HH,Riverside,Zcta 925hh
6,California,CA,925XX,Riverside,Zcta 925xx
6,California,CA,92602,Orange,Zcta 92602
6,California,CA,92604,Orange,Zcta 92604
6,California,CA,92606,Orange,Zcta 92606
6,California,CA,92610,Orange,Foothill ranch
6,California,CA,92612,Orange,Zcta 92612
6,California,CA,92614,Orange,Zcta 92614
6,California,CA,92618,Orange,Zcta 92618
6,California,CA,92620,Orange,Zcta 92620
6,California,CA,92624,Orange,Capistrano beach
6,California,CA,92625,Orange,Corona del mar
6,California,CA,92626,Orange,Costa mesa
6,California,CA,92627,Orange,Costa mesa
6,California,CA,92629,Orange,Monarch bay
6,California,CA,92630,Orange,Lake forest
6,California,CA,92646,Orange,Huntington beach
6,California,CA,92647,Orange,Huntington beach
6,California,CA,92648,Orange,Huntington beach
6,California,CA,92649,Orange,Huntington beach
6,California,CA,92651,Orange,Laguna niguel
6,California,CA,92653,Orange,Laguna hills
6,California,CA,92655,Orange,Midway city
6,California,CA,92656,Orange,Aliso viejo
6,California,CA,92657,Orange,Newport beach
6,California,CA,92660,Orange,Newport beach
6,California,CA,92661,Orange,Newport beach
6,California,CA,92662,Orange,Newport beach
6,California,CA,92663,Orange,Newport beach
6,California,CA,92672,Orange,San clemente
6,California,CA,92673,Orange,San clemente
6,California,CA,92675,Orange,Mission viejo
6,California,CA,92676,Orange,Silverado
6,California,CA,92677,Orange,Laguna niguel
6,California,CA,92679,Orange,Coto de caza
6,California,CA,92683,Orange,Westminster
6,California,CA,92688,Orange,Rancho santa mar
6,California,CA,92691,Orange,Mission viejo
6,California,CA,92692,Orange,Mission viejo
6,California,CA,92694,Orange,Zcta 92694
6,California,CA,926HH,Orange,Zcta 926hh
6,California,CA,926XX,Orange,Zcta 926xx
6,California,CA,92701,Orange,Santa ana
6,California,CA,92703,Orange,Santa ana
6,California,CA,92704,Orange,Santa ana
6,California,CA,92705,Orange,Cowan heights
6,California,CA,92706,Orange,Santa ana
6,California,CA,92707,Orange,Santa ana height
6,California,CA,92708,Orange,Fountain valley
6,California,CA,92780,Orange,Zcta 92780
6,California,CA,92782,Orange,Zcta 92782
6,California,CA,927HH,Orange,Zcta 927hh
6,California,CA,92801,Orange,Anaheim
6,California,CA,92802,Orange,Anaheim
6,California,CA,92804,Orange,Anaheim
6,California,CA,92805,Orange,Anaheim
6,California,CA,92806,Orange,Anaheim
6,California,CA,92807,Orange,Anaheim
6,California,CA,92808,Orange,Anaheim
6,California,CA,92821,Orange,Anaheim
6,California,CA,92823,Orange,Anaheim
6,California,CA,92831,Orange,Zcta 92831
6,California,CA,92832,Orange,Zcta 92832
6,California,CA,92833,Orange,Zcta 92833
6,California,CA,92835,Orange,Zcta 92835
6,California,CA,92840,Orange,Zcta 92840
6,California,CA,92841,Orange,Zcta 92841
6,California,CA,92843,Orange,Zcta 92843
6,California,CA,92844,Orange,Zcta 92844
6,California,CA,92845,Orange,Zcta 92845
6,California,CA,92860,Riverside,Zcta 92860
6,California,CA,92861,Orange,Zcta 92861
6,California,CA,92865,Orange,Zcta 92865
6,California,CA,92866,Orange,Zcta 92866
6,California,CA,92867,Orange,Zcta 92867
6,California,CA,92868,Orange,Zcta 92868
6,California,CA,92869,Orange,Zcta 92869
6,California,CA,92870,Orange,Zcta 92870
6,California,CA,92879,Riverside,Zcta 92879
6,California,CA,92880,Riverside,Zcta 92880
6,California,CA,92881,Riverside,Zcta 92881
6,California,CA,92882,Riverside,Zcta 92882
6,California,CA,92883,Riverside,Zcta 92883
6,California,CA,92886,Orange,Zcta 92886
6,California,CA,92887,Orange,Zcta 92887
6,California,CA,928HH,Orange,Zcta 928hh
6,California,CA,928XX,Orange,Zcta 928xx
6,California,CA,93001,Ventura,San buenaventura
6,California,CA,93003,Ventura,San buenaventura
6,California,CA,93004,Ventura,San buenaventura
6,California,CA,93010,Ventura,Camarillo
6,California,CA,93012,Ventura,Camarillo
6,California,CA,93013,Santa Barbara,Carpinteria
6,California,CA,93015,Ventura,Bardsdale
6,California,CA,93021,Ventura,Moorpark
6,California,CA,93022,Ventura,Oak view
6,California,CA,93023,Ventura,Ojai
6,California,CA,93030,Ventura,Oxnard
6,California,CA,93033,Ventura,Oxnard
6,California,CA,93035,Ventura,Oxnard
6,California,CA,93040,Ventura,Piru
6,California,CA,93041,Ventura,Port hueneme
6,California,CA,93060,Ventura,Santa paula
6,California,CA,93063,Ventura,Santa susana
6,California,CA,93065,Ventura,Simi valley
6,California,CA,93066,Ventura,Somis
6,California,CA,93067,Santa Barbara,Summerland
6,California,CA,930HH,Santa Barbara,Zcta 930hh
6,California,CA,930XX,Ventura,Zcta 930xx
6,California,CA,93101,Santa Barbara,Santa barbara
6,California,CA,93103,Santa Barbara,Santa barbara
6,California,CA,93105,Santa Barbara,Santa barbara
6,California,CA,93108,Santa Barbara,Montecito
6,California,CA,93109,Santa Barbara,Santa barbara
6,California,CA,93110,Santa Barbara,Santa barbara
6,California,CA,93111,Santa Barbara,Santa barbara
6,California,CA,93117,Santa Barbara,Goleta
6,California,CA,931HH,Santa Barbara,Zcta 931hh
6,California,CA,931XX,Santa Barbara,Zcta 931xx
6,California,CA,93201,Tulare,Alpaugh
6,California,CA,93202,Kings,Armona
6,California,CA,93203,Kern,Arvin
6,California,CA,93204,Kings,Avenal
6,California,CA,93205,Kern,Bodfish
6,California,CA,93206,Kern,Buttonwillow
6,California,CA,93207,Tulare,California hot s
6,California,CA,93208,Tulare,Camp nelson
6,California,CA,93210,Fresno,Coalinga
6,California,CA,93212,Kings,Corcoran
6,California,CA,93215,Kern,Delano
6,California,CA,93216,Kern,Delano
6,California,CA,93218,Tulare,Ducor
6,California,CA,93219,Tulare,Earlimart
6,California,CA,93221,Tulare,Exeter
6,California,CA,93222,Kern,Frazier park
6,California,CA,93223,Tulare,Farmersville
6,California,CA,93224,Kern,Fellows
6,California,CA,93225,Kern,Frazier park
6,California,CA,93226,Kern,Glennville
6,California,CA,93230,Kings,Hanford
6,California,CA,93234,Fresno,Huron
6,California,CA,93235,Tulare,Ivanhoe
6,California,CA,93238,Kern,Kernville
6,California,CA,93239,Kings,Kettleman city
6,California,CA,93240,Kern,Mountain mesa
6,California,CA,93241,Kern,Lamont
6,California,CA,93242,Fresno,Laton
6,California,CA,93243,Kern,Gorman
6,California,CA,93244,Tulare,Lemoncove
6,California,CA,93245,Kings,Lemoore naval ai
6,California,CA,93247,Tulare,Lindsay
6,California,CA,93249,Kern,Lost hills
6,California,CA,93250,Kern,Mc farland
6,California,CA,93251,Kern,Mc kittrick
6,California,CA,93252,Kern,Maricopa
6,California,CA,93254,Santa Barbara,New cuyama
6,California,CA,93255,Kern,Onyx
6,California,CA,93256,Tulare,Pixley
6,California,CA,93257,Tulare,Porterville
6,California,CA,93260,Tulare,Posey
6,California,CA,93261,Tulare,Richgrove
6,California,CA,93262,Tulare,Giant forest
6,California,CA,93263,Kern,Shafter
6,California,CA,93265,Tulare,Springville
6,California,CA,93266,Kings,Stratford
6,California,CA,93267,Tulare,Strathmore
6,California,CA,93268,Kern,Taft
6,California,CA,93270,Tulare,Terra bella
6,California,CA,93271,Tulare,Three rivers
6,California,CA,93272,Tulare,Tipton
6,California,CA,93274,Tulare,Tulare
6,California,CA,93276,Kern,Tupman
6,California,CA,93277,Tulare,Visalia
6,California,CA,93280,Kern,Pond
6,California,CA,93282,Tulare,Waukena
6,California,CA,93283,Kern,Weldon
6,California,CA,93285,Kern,Wofford heights
6,California,CA,93286,Tulare,Woodlake
6,California,CA,93287,Kern,Woody
6,California,CA,93291,Tulare,Visalia
6,California,CA,93292,Tulare,Visalia
6,California,CA,932HH,Kern,Zcta 932hh
6,California,CA,932XX,Kings,Zcta 932xx
6,California,CA,93301,Kern,Bakersfield
6,California,CA,93304,Kern,Bakersfield
6,California,CA,93305,Kern,College heights
6,California,CA,93306,Kern,Bakersfield
6,California,CA,93307,Kern,Bakersfield
6,California,CA,93308,Kern,Bakersfield
6,California,CA,93309,Kern,Bakersfield
6,California,CA,93311,Kern,Bakersfield
6,California,CA,93312,Kern,Greenacres
6,California,CA,93313,Kern,Bakersfield
6,California,CA,933HH,Kern,Zcta 933hh
6,California,CA,933XX,Kern,Zcta 933xx
6,California,CA,93401,San Luis Obispo,San luis obispo
6,California,CA,93402,San Luis Obispo,Los osos
6,California,CA,93405,San Luis Obispo,San luis obispo
6,California,CA,93420,San Luis Obispo,Halcyon
6,California,CA,93422,San Luis Obispo,Atascadero
6,California,CA,93424,San Luis Obispo,Avila beach
6,California,CA,93426,Monterey,Bradley
6,California,CA,93427,Santa Barbara,Buellton
6,California,CA,93428,San Luis Obispo,Cambria
6,California,CA,93429,Santa Barbara,Casmalia
6,California,CA,93430,San Luis Obispo,Cayucos
6,California,CA,93432,San Luis Obispo,Creston
6,California,CA,93433,San Luis Obispo,Grover beach
6,California,CA,93434,Santa Barbara,Guadalupe
6,California,CA,93435,San Luis Obispo,Harmony
6,California,CA,93436,Santa Barbara,Lompoc
6,California,CA,93437,Santa Barbara,Lompoc
6,California,CA,93440,Santa Barbara,Los alamos
6,California,CA,93441,Santa Barbara,Los olivos
6,California,CA,93442,San Luis Obispo,Morro bay
6,California,CA,93444,San Luis Obispo,Nipomo
6,California,CA,93445,San Luis Obispo,Oceano
6,California,CA,93446,San Luis Obispo,Adelaide
6,California,CA,93447,San Luis Obispo,Paso robles
6,California,CA,93449,San Luis Obispo,Shell beach
6,California,CA,93450,Monterey,San ardo
6,California,CA,93451,San Luis Obispo,Parkfield
6,California,CA,93452,San Luis Obispo,San simeon
6,California,CA,93453,San Luis Obispo,California valle
6,California,CA,93454,Santa Barbara,Santa maria
6,California,CA,93455,Santa Barbara,Orcutt
6,California,CA,93458,Santa Barbara,Zcta 93458
6,California,CA,93460,Santa Barbara,Santa ynez
6,California,CA,93461,San Luis Obispo,Shandon
6,California,CA,93463,Santa Barbara,Ballard
6,California,CA,93465,San Luis Obispo,Templeton
6,California,CA,934HH,Monterey,Zcta 934hh
6,California,CA,934XX,Monterey,Zcta 934xx
6,California,CA,93501,Kern,Mojave
6,California,CA,93505,Kern,California city
6,California,CA,93510,Los Angeles,Acton
6,California,CA,93512,Mono,Benton
6,California,CA,93513,Inyo,Big pine
6,California,CA,93514,Inyo,Toms place
6,California,CA,93516,Kern,Boron
6,California,CA,93517,Mono,Bridgeport
6,California,CA,93518,Kern,Havilah
6,California,CA,93522,Inyo,Darwin
6,California,CA,93523,Kern,North edwards
6,California,CA,93526,Inyo,Independence
6,California,CA,93527,Kern,Pearsonville
6,California,CA,93528,Kern,Johannesburg
6,California,CA,93529,Mono,June lake
6,California,CA,93530,Inyo,Keeler
6,California,CA,93531,Kern,Keene
6,California,CA,93532,Los Angeles,Elizabeth lake
6,California,CA,93534,Los Angeles,Lancaster
6,California,CA,93535,Los Angeles,Hi vista
6,California,CA,93536,Los Angeles,Quartz hill
6,California,CA,93541,Mono,Lee vining
6,California,CA,93543,Los Angeles,Juniper hills
6,California,CA,93544,Los Angeles,Crystalaire
6,California,CA,93545,Inyo,Lone pine
6,California,CA,93546,Mono,Crowley lake
6,California,CA,93549,Inyo,Cartago
6,California,CA,93550,Los Angeles,Lake los angeles
6,California,CA,93551,Los Angeles,Leona valley
6,California,CA,93552,Los Angeles,Palmdale
6,California,CA,93553,Los Angeles,Juniper hills
6,California,CA,93554,Kern,Randsburg
6,California,CA,93555,Kern,China lake nwc
6,California,CA,93560,Kern,Willow springs
6,California,CA,93561,Kern,Bear valley spri
6,California,CA,93562,San Bernardino,Argus
6,California,CA,93563,Los Angeles,Valyermo
6,California,CA,93591,Los Angeles,Lake los angeles
6,California,CA,935HH,Los Angeles,Zcta 935hh
6,California,CA,935XX,Kern,Zcta 935xx
6,California,CA,93601,Madera,Ahwahnee
6,California,CA,93602,Fresno,Auberry
6,California,CA,93603,Tulare,Badger
6,California,CA,93604,Madera,Bass lake
6,California,CA,93605,Fresno,Big creek
6,California,CA,93606,Fresno,Biola
6,California,CA,93608,Fresno,Cantua creek
6,California,CA,93609,Fresno,Caruthers
6,California,CA,93610,Madera,Chowchilla
6,California,CA,93611,Fresno,Clovis
6,California,CA,93612,Fresno,Clovis
6,California,CA,93614,Madera,Coarsegold
6,California,CA,93615,Tulare,Cutler
6,California,CA,93616,Fresno,Del rey
6,California,CA,93618,Tulare,Dinuba
6,California,CA,93620,Merced,Dos palos
6,California,CA,93621,Fresno,Dunlap
6,California,CA,93622,Fresno,Firebaugh
6,California,CA,93623,Mariposa,Fish camp
6,California,CA,93624,Fresno,Five points
6,California,CA,93625,Fresno,Fowler
6,California,CA,93626,Fresno,Friant
6,California,CA,93627,Fresno,Helm
6,California,CA,93628,Fresno,Hume
6,California,CA,93630,Fresno,Kerman
6,California,CA,93631,Fresno,Kingsburg
6,California,CA,93634,Fresno,Lakeshore
6,California,CA,93635,Merced,Los banos
6,California,CA,93637,Madera,Madera
6,California,CA,93638,Madera,Madera
6,California,CA,93640,Fresno,Mendota
6,California,CA,93641,Fresno,Miramonte
6,California,CA,93643,Madera,North fork
6,California,CA,93644,Madera,Oakhurst
6,California,CA,93645,Madera,O neals
6,California,CA,93646,Fresno,Orange cove
6,California,CA,93647,Tulare,Orosi
6,California,CA,93648,Fresno,Parlier
6,California,CA,93650,Fresno,Pinedale
6,California,CA,93651,Fresno,Prather
6,California,CA,93652,Fresno,Raisin
6,California,CA,93653,Madera,Raymond
6,California,CA,93654,Fresno,Reedley
6,California,CA,93656,Fresno,Riverdale
6,California,CA,93657,Fresno,Sanger
6,California,CA,93660,Fresno,San joaquin
6,California,CA,93662,Fresno,Selma
6,California,CA,93664,Fresno,Shaver lake
6,California,CA,93665,Merced,South dos palos
6,California,CA,93666,Tulare,Sultana
6,California,CA,93667,Fresno,Tollhouse
6,California,CA,93668,Fresno,Tranquillity
6,California,CA,93669,Madera,Wishon
6,California,CA,93673,Tulare,Traver
6,California,CA,93675,Fresno,Squaw valley
6,California,CA,936HH,Fresno,Zcta 936hh
6,California,CA,936XX,Merced,Zcta 936xx
6,California,CA,93701,Fresno,Fresno
6,California,CA,93702,Fresno,Fresno
6,California,CA,93703,Fresno,Fresno
6,California,CA,93704,Fresno,Fig garden villa
6,California,CA,93705,Fresno,Fresno
6,California,CA,93706,Fresno,Easton
6,California,CA,93710,Fresno,Fresno
6,California,CA,93711,Fresno,Fresno
6,California,CA,93720,Fresno,Fresno
6,California,CA,93721,Fresno,Fresno
6,California,CA,93722,Fresno,Fresno
6,California,CA,93725,Fresno,Calwa
6,California,CA,93726,Fresno,Fresno
6,California,CA,93727,Fresno,Fresno
6,California,CA,93728,Fresno,Fresno
6,California,CA,93901,Monterey,Salinas
6,California,CA,93905,Monterey,Salinas
6,California,CA,93906,Monterey,Salinas
6,California,CA,93907,Monterey,Prunedale
6,California,CA,93908,Monterey,Salinas
6,California,CA,93920,Monterey,Big sur
6,California,CA,93921,Monterey,Carmel
6,California,CA,93923,Monterey,Carmel
6,California,CA,93924,Monterey,Carmel valley
6,California,CA,93925,Monterey,Chualar
6,California,CA,93926,Monterey,Gonzales
6,California,CA,93927,Monterey,Greenfield
6,California,CA,93928,Monterey,Jolon
6,California,CA,93930,Monterey,King city
6,California,CA,93932,Monterey,Lockwood
6,California,CA,93933,Monterey,Marina
6,California,CA,93940,Monterey,Del rey oaks
6,California,CA,93950,Monterey,Pacific grove
6,California,CA,93953,Monterey,Pebble beach
6,California,CA,93954,Monterey,San lucas
6,California,CA,93955,Monterey,Sand city
6,California,CA,93960,Monterey,Soledad
6,California,CA,93962,Monterey,Spreckels
6,California,CA,939HH,Monterey,Zcta 939hh
6,California,CA,939XX,Monterey,Zcta 939xx
6,California,CA,94002,San Mateo,Belmont
6,California,CA,94005,San Mateo,Brisbane
6,California,CA,94010,San Mateo,Hillsborough
6,California,CA,94014,San Mateo,Colma
6,California,CA,94015,San Mateo,Daly city
6,California,CA,94019,San Mateo,Half moon bay
6,California,CA,94020,San Mateo,La honda
6,California,CA,94021,San Mateo,Loma mar
6,California,CA,94022,Santa Clara,Los altos
6,California,CA,94024,Santa Clara,Los altos
6,California,CA,94025,San Mateo,West menlo park
6,California,CA,94027,San Mateo,Atherton
6,California,CA,94028,San Mateo,Ladera
6,California,CA,94030,San Mateo,Millbrae
6,California,CA,94037,San Mateo,Montara
6,California,CA,94038,San Mateo,Moss beach
6,California,CA,94040,Santa Clara,Mountain view
6,California,CA,94041,Santa Clara,Mountain view
6,California,CA,94043,Santa Clara,Mountain view
6,California,CA,94044,San Mateo,Pacifica
6,California,CA,94060,San Mateo,Pescadero
6,California,CA,94061,San Mateo,Redwood city
6,California,CA,94062,San Mateo,Woodside
6,California,CA,94063,San Mateo,Redwood city
6,California,CA,94065,San Mateo,Redwood city
6,California,CA,94066,San Mateo,San bruno
6,California,CA,94070,San Mateo,San carlos
6,California,CA,94074,San Mateo,San gregorio
6,California,CA,94080,San Mateo,South san franci
6,California,CA,94086,Santa Clara,Sunnyvale
6,California,CA,94087,Santa Clara,Sunnyvale
6,California,CA,94089,Santa Clara,Sunnyvale
6,California,CA,940HH,San Mateo,Zcta 940hh
6,California,CA,94102,San Francisco,San francisco
6,California,CA,94103,San Francisco,San francisco
6,California,CA,94104,San Francisco,San francisco
6,California,CA,94105,San Francisco,San francisco
6,California,CA,94107,San Francisco,San francisco
6,California,CA,94108,San Francisco,San francisco
6,California,CA,94109,San Francisco,San francisco
6,California,CA,94110,San Francisco,San francisco
6,California,CA,94111,San Francisco,San francisco
6,California,CA,94112,San Francisco,San francisco
6,California,CA,94114,San Francisco,San francisco
6,California,CA,94115,San Francisco,San francisco
6,California,CA,94116,San Francisco,San francisco
6,California,CA,94117,San Francisco,San francisco
6,California,CA,94118,San Francisco,San francisco
6,California,CA,94121,San Francisco,San francisco
6,California,CA,94122,San Francisco,San francisco
6,California,CA,94123,San Francisco,San francisco
6,California,CA,94124,San Francisco,San francisco
6,California,CA,94127,San Francisco,San francisco
6,California,CA,94128,San Mateo,San francisco
6,California,CA,94129,San Francisco,San francisco
6,California,CA,94130,San Francisco,San francisco
6,California,CA,94131,San Francisco,San francisco
6,California,CA,94132,San Francisco,San francisco
6,California,CA,94133,San Francisco,San francisco
6,California,CA,94134,San Francisco,San francisco
6,California,CA,941HH,San Francisco,Zcta 941hh
6,California,CA,941XX,San Francisco,Zcta 941xx
6,California,CA,94301,Santa Clara,Palo alto
6,California,CA,94303,San Mateo,East palo alto
6,California,CA,94304,Santa Clara,Palo alto
6,California,CA,94305,Santa Clara,Stanford
6,California,CA,94306,Santa Clara,Palo alto
6,California,CA,943HH,San Mateo,Zcta 943hh
6,California,CA,94401,San Mateo,Russian river
6,California,CA,94402,San Mateo,San mateo
6,California,CA,94403,San Mateo,San mateo
6,California,CA,94404,San Mateo,Foster city
6,California,CA,944HH,San Mateo,Zcta 944hh
6,California,CA,94501,Alameda,Coast guard isla
6,California,CA,94502,Alameda,Alameda
6,California,CA,94506,Contra Costa,Black hawk
6,California,CA,94507,Contra Costa,Alamo
6,California,CA,94508,Napa,Angwin
6,California,CA,94509,Contra Costa,Antioch
6,California,CA,94510,Solano,Benicia
6,California,CA,94511,Contra Costa,Bethel island
6,California,CA,94512,Solano,Birds landing
6,California,CA,94513,Contra Costa,Brentwood
6,California,CA,94514,Contra Costa,Byron
6,California,CA,94515,Napa,Calistoga
6,California,CA,94517,Contra Costa,Clayton
6,California,CA,94518,Contra Costa,Concord
6,California,CA,94519,Contra Costa,Concord
6,California,CA,94520,Contra Costa,Concord
6,California,CA,94521,Contra Costa,Concord
6,California,CA,94523,Contra Costa,Pleasant hill
6,California,CA,94525,Contra Costa,Crockett
6,California,CA,94526,Contra Costa,Danville
6,California,CA,94530,Contra Costa,El cerrito
6,California,CA,94533,Solano,Fairfield
6,California,CA,94535,Solano,Travis afb
6,California,CA,94536,Alameda,Fremont
6,California,CA,94538,Alameda,Fremont
6,California,CA,94539,Alameda,Fremont
6,California,CA,94541,Alameda,Hayward
6,California,CA,94542,Alameda,Hayward
6,California,CA,94544,Alameda,Hayward
6,California,CA,94545,Alameda,Hayward
6,California,CA,94546,Alameda,Castro valley
6,California,CA,94547,Contra Costa,Hercules
6,California,CA,94549,Contra Costa,Lafayette
6,California,CA,94550,Alameda,Livermore
6,California,CA,94552,Alameda,Castro valley
6,California,CA,94553,Contra Costa,Pacheco
6,California,CA,94555,Alameda,Fremont
6,California,CA,94556,Contra Costa,Moraga
6,California,CA,94558,Napa,Spanish flat
6,California,CA,94559,Napa,Napa
6,California,CA,94560,Alameda,Newark
6,California,CA,94561,Contra Costa,Oakley
6,California,CA,94563,Contra Costa,Orinda
6,California,CA,94564,Contra Costa,Pinole
6,California,CA,94565,Contra Costa,Shore acres
6,California,CA,94566,Alameda,Pleasanton
6,California,CA,94567,Napa,Pope valley
6,California,CA,94568,Alameda,Dublin
6,California,CA,94569,Contra Costa,Port costa
6,California,CA,94571,Solano,Rio vista
6,California,CA,94572,Contra Costa,Rodeo
6,California,CA,94574,Napa,Saint helena
6,California,CA,94576,Napa,Deer park
6,California,CA,94577,Alameda,San leandro
6,California,CA,94578,Alameda,San leandro
6,California,CA,94579,Alameda,San leandro
6,California,CA,94580,Alameda,San lorenzo
6,California,CA,94583,Contra Costa,San ramon
6,California,CA,94585,Solano,Suisun city
6,California,CA,94586,Alameda,Sunol
6,California,CA,94587,Alameda,Union city
6,California,CA,94588,Alameda,Pleasanton
6,California,CA,94589,Solano,American canyon
6,California,CA,94590,Solano,Vallejo
6,California,CA,94591,Solano,Vallejo
6,California,CA,94592,Solano,Mare island
6,California,CA,94595,Contra Costa,Walnut creek
6,California,CA,94596,Contra Costa,Walnut creek
6,California,CA,94598,Contra Costa,Walnut creek
6,California,CA,94599,Napa,Yountville
6,California,CA,945HH,Alameda,Zcta 945hh
6,California,CA,945XX,Alameda,Zcta 945xx
6,California,CA,94601,Alameda,Oakland
6,California,CA,94602,Alameda,Oakland
6,California,CA,94603,Alameda,Oakland
6,California,CA,94605,Alameda,Oakland
6,California,CA,94606,Alameda,Oakland
6,California,CA,94607,Alameda,Oakland
6,California,CA,94608,Alameda,Emeryville
6,California,CA,94609,Alameda,Oakland
6,California,CA,94610,Alameda,Oakland
6,California,CA,94611,Alameda,Piedmont
6,California,CA,94612,Alameda,Oakland
6,California,CA,94618,Alameda,Piedmont
6,California,CA,94619,Alameda,Oakland
6,California,CA,94621,Alameda,Oakland
6,California,CA,946HH,Alameda,Zcta 946hh
6,California,CA,94702,Alameda,Berkeley
6,California,CA,94703,Alameda,Berkeley
6,California,CA,94704,Alameda,Berkeley
6,California,CA,94705,Alameda,Berkeley
6,California,CA,94706,Alameda,Albany
6,California,CA,94707,Alameda,Kensington
6,California,CA,94708,Alameda,Kensington
6,California,CA,94709,Alameda,Berkeley
6,California,CA,94710,Alameda,Berkeley
6,California,CA,947HH,Alameda,Zcta 947hh
6,California,CA,94801,Contra Costa,Richmond
6,California,CA,94803,Contra Costa,El sobrante
6,California,CA,94804,Contra Costa,Richmond
6,California,CA,94805,Contra Costa,Richmond
6,California,CA,94806,Contra Costa,San pablo
6,California,CA,948HH,Contra Costa,Zcta 948hh
6,California,CA,94901,Marin,San rafael
6,California,CA,94903,Marin,Civic center
6,California,CA,94904,Marin,Kentfield
6,California,CA,94920,Marin,Belvedere
6,California,CA,94922,Sonoma,Bodega
6,California,CA,94923,Sonoma,Bodega bay
6,California,CA,94924,Marin,Bolinas
6,California,CA,94925,Marin,Corte madera
6,California,CA,94928,Sonoma,Rohnert park
6,California,CA,94929,Marin,Dillon beach
6,California,CA,94930,Marin,Fairfax
6,California,CA,94931,Sonoma,Cotati
6,California,CA,94933,Marin,Forest knolls
6,California,CA,94937,Marin,Inverness
6,California,CA,94938,Marin,Lagunitas
6,California,CA,94939,Marin,Larkspur
6,California,CA,94940,Marin,Marshall
6,California,CA,94941,Marin,Mill valley
6,California,CA,94945,Marin,Novato
6,California,CA,94946,Marin,Nicasio
6,California,CA,94947,Marin,Novato
6,California,CA,94949,Marin,Novato
6,California,CA,94950,Marin,Olema
6,California,CA,94951,Sonoma,Penngrove
6,California,CA,94952,Sonoma,Petaluma
6,California,CA,94954,Sonoma,Petaluma
6,California,CA,94956,Marin,Point reyes stat
6,California,CA,94960,Marin,San anselmo
6,California,CA,94963,Marin,San geronimo
6,California,CA,94964,Marin,San quentin
6,California,CA,94965,Marin,Sausalito
6,California,CA,94970,Marin,Stinson beach
6,California,CA,94971,Marin,Tomales
6,California,CA,94972,Sonoma,Valley ford
6,California,CA,94973,Marin,Woodacre
6,California,CA,949HH,Marin,Zcta 949hh
6,California,CA,949XX,Marin,Zcta 949xx
6,California,CA,95002,Santa Clara,Alviso
6,California,CA,95003,Santa Cruz,Aptos
6,California,CA,95004,Monterey,Aromas
6,California,CA,95005,Santa Cruz,Ben lomond
6,California,CA,95006,Santa Cruz,Boulder creek
6,California,CA,95007,Santa Cruz,Brookdale
6,California,CA,95008,Santa Clara,Campbell
6,California,CA,95010,Santa Cruz,Capitola
6,California,CA,95012,Monterey,Castroville
6,California,CA,95014,Santa Clara,Monte vista
6,California,CA,95017,Santa Cruz,Davenport
6,California,CA,95018,Santa Cruz,Felton
6,California,CA,95019,Santa Cruz,Freedom
6,California,CA,95020,Santa Clara,Gilroy
6,California,CA,95023,San Benito,Hollister
6,California,CA,95030,Santa Clara,Monte sereno
6,California,CA,95032,Santa Clara,Los gatos
6,California,CA,95033,Santa Cruz,Zcta 95033
6,California,CA,95035,Santa Clara,Milpitas
6,California,CA,95037,Santa Clara,Morgan hill
6,California,CA,95039,Monterey,Moss landing
6,California,CA,95041,Santa Cruz,Mount hermon
6,California,CA,95043,San Benito,Paicines
6,California,CA,95045,San Benito,San juan bautist
6,California,CA,95046,Santa Clara,San martin
6,California,CA,95050,Santa Clara,Santa clara
6,California,CA,95051,Santa Clara,Santa clara
6,California,CA,95054,Santa Clara,Santa clara
6,California,CA,95060,Santa Cruz,Scotts valley
6,California,CA,95062,Santa Cruz,Santa cruz
6,California,CA,95064,Santa Cruz,Santa cruz
6,California,CA,95065,Santa Cruz,Santa cruz
6,California,CA,95066,Santa Cruz,Scotts valley
6,California,CA,95070,Santa Clara,Saratoga
6,California,CA,95073,Santa Cruz,Soquel
6,California,CA,95076,Santa Cruz,La selva beach
6,California,CA,950HH,Monterey,Zcta 950hh
6,California,CA,95110,Santa Clara,San jose
6,California,CA,95111,Santa Clara,San jose
6,California,CA,95112,Santa Clara,San jose
6,California,CA,95113,Santa Clara,San jose
6,California,CA,95116,Santa Clara,San jose
6,California,CA,95117,Santa Clara,San jose
6,California,CA,95118,Santa Clara,San jose
6,California,CA,95119,Santa Clara,San jose
6,California,CA,95120,Santa Clara,San jose
6,California,CA,95121,Santa Clara,San jose
6,California,CA,95122,Santa Clara,San jose
6,California,CA,95123,Santa Clara,San jose
6,California,CA,95124,Santa Clara,San jose
6,California,CA,95125,Santa Clara,San jose
6,California,CA,95126,Santa Clara,San jose
6,California,CA,95127,Santa Clara,San jose
6,California,CA,95128,Santa Clara,San jose
6,California,CA,95129,Santa Clara,San jose
6,California,CA,95130,Santa Clara,San jose
6,California,CA,95131,Santa Clara,San jose
6,California,CA,95132,Santa Clara,San jose
6,California,CA,95133,Santa Clara,San jose
6,California,CA,95134,Santa Clara,San jose
6,California,CA,95135,Santa Clara,San jose
6,California,CA,95136,Santa Clara,San jose
6,California,CA,95138,Santa Clara,San jose
6,California,CA,95139,Santa Clara,San jose
6,California,CA,95140,Santa Clara,Mount hamilton
6,California,CA,95148,Santa Clara,San jose
6,California,CA,951HH,Santa Clara,Zcta 951hh
6,California,CA,95202,San Joaquin,Stockton
6,California,CA,95203,San Joaquin,Stockton
6,California,CA,95204,San Joaquin,Stockton
6,California,CA,95205,San Joaquin,Stockton
6,California,CA,95206,San Joaquin,Stockton
6,California,CA,95207,San Joaquin,Stockton
6,California,CA,95209,San Joaquin,Stockton
6,California,CA,95210,San Joaquin,Stockton
6,California,CA,95212,San Joaquin,Stockton
6,California,CA,95215,San Joaquin,Stockton
6,California,CA,95219,San Joaquin,Stockton
6,California,CA,95220,San Joaquin,Acampo
6,California,CA,95221,Calaveras,Altaville
6,California,CA,95222,Calaveras,Angels camp
6,California,CA,95223,Calaveras,Bear valley
6,California,CA,95224,Calaveras,Avery
6,California,CA,95225,Calaveras,Burson
6,California,CA,95226,Calaveras,Campo seco
6,California,CA,95227,San Joaquin,Clements
6,California,CA,95228,Calaveras,Copperopolis
6,California,CA,95230,San Joaquin,Farmington
6,California,CA,95231,San Joaquin,French camp
6,California,CA,95232,Calaveras,Glencoe
6,California,CA,95233,Calaveras,Hathaway pines
6,California,CA,95236,San Joaquin,Linden
6,California,CA,95237,San Joaquin,Lockeford
6,California,CA,95240,San Joaquin,Lodi
6,California,CA,95242,San Joaquin,Lodi
6,California,CA,95245,Calaveras,Mokelumne hill
6,California,CA,95246,Calaveras,Mountain ranch
6,California,CA,95247,Calaveras,Murphys
6,California,CA,95249,Calaveras,San andreas
6,California,CA,95250,Calaveras,Sheepranch
6,California,CA,95251,Calaveras,Vallecito
6,California,CA,95252,Calaveras,Valley springs
6,California,CA,95254,Calaveras,Wallace
6,California,CA,95255,Calaveras,West point
6,California,CA,95257,Calaveras,Wilseyville
6,California,CA,95258,San Joaquin,Woodbridge
6,California,CA,952HH,Calaveras,Zcta 952hh
6,California,CA,952XX,Calaveras,Zcta 952xx
6,California,CA,95301,Merced,Atwater
6,California,CA,95303,Merced,Ballico
6,California,CA,95305,Tuolumne,Big oak flat
6,California,CA,95306,Mariposa,Catheys valley
6,California,CA,95307,Stanislaus,Ceres
6,California,CA,95310,Tuolumne,Columbia
6,California,CA,95311,Mariposa,Coulterville
6,California,CA,95312,Merced,Cressey
6,California,CA,95313,Stanislaus,Crows landing
6,California,CA,95315,Merced,Delhi
6,California,CA,95316,Stanislaus,Denair
6,California,CA,95317,Merced,El nido
6,California,CA,95318,Mariposa,El portal
6,California,CA,95320,San Joaquin,Escalon
6,California,CA,95321,Tuolumne,Groveland
6,California,CA,95322,Merced,Gustine
6,California,CA,95323,Stanislaus,Hickman
6,California,CA,95324,Merced,Hilmar
6,California,CA,95325,Mariposa,Hornitos
6,California,CA,95326,Stanislaus,Hughson
6,California,CA,95327,Tuolumne,Jamestown
6,California,CA,95328,Stanislaus,Keyes
6,California,CA,95329,Tuolumne,La grange
6,California,CA,95330,San Joaquin,Lathrop
6,California,CA,95333,Merced,Le grand
6,California,CA,95334,Merced,Livingston
6,California,CA,95335,Tuolumne,Cold springs
6,California,CA,95336,San Joaquin,Manteca
6,California,CA,95337,San Joaquin,Manteca
6,California,CA,95338,Mariposa,Mariposa
6,California,CA,95340,Merced,Red top
6,California,CA,95345,Mariposa,Midpines
6,California,CA,95346,Tuolumne,Mi wuk village
6,California,CA,95348,Merced,Merced
6,California,CA,95350,Stanislaus,Modesto
6,California,CA,95351,Stanislaus,Modesto
6,California,CA,95354,Stanislaus,Modesto
6,California,CA,95355,Stanislaus,Modesto
6,California,CA,95356,Stanislaus,Modesto
6,California,CA,95357,Stanislaus,Modesto
6,California,CA,95358,Stanislaus,Modesto
6,California,CA,95360,Stanislaus,Newman
6,California,CA,95361,Stanislaus,Knights ferry
6,California,CA,95363,Stanislaus,Patterson
6,California,CA,95364,Tuolumne,Pinecrest
6,California,CA,95365,Merced,Planada
6,California,CA,95366,San Joaquin,Ripon
6,California,CA,95367,Stanislaus,Riverbank
6,California,CA,95368,Stanislaus,Salida
6,California,CA,95369,Merced,Snelling
6,California,CA,95370,Tuolumne,Sonora
6,California,CA,95372,Tuolumne,Soulsbyville
6,California,CA,95374,Merced,Stevinson
6,California,CA,95376,San Joaquin,Tracy
6,California,CA,95379,Tuolumne,Tuolumne
6,California,CA,95380,Stanislaus,Turlock
6,California,CA,95382,Stanislaus,Turlock
6,California,CA,95383,Tuolumne,Twain harte
6,California,CA,95385,Stanislaus,Vernalis
6,California,CA,95386,Stanislaus,Waterford
6,California,CA,95387,Stanislaus,Westley
6,California,CA,95388,Merced,Winton
6,California,CA,95389,Mariposa,Yosemite lodge
6,California,CA,953HH,Mariposa,Zcta 953hh
6,California,CA,953XX,Tuolumne,Zcta 953xx
6,California,CA,95401,Sonoma,Santa rosa
6,California,CA,95403,Sonoma,Santa rosa
6,California,CA,95404,Sonoma,Santa rosa
6,California,CA,95405,Sonoma,Santa rosa
6,California,CA,95407,Sonoma,Santa rosa
6,California,CA,95409,Sonoma,Santa rosa
6,California,CA,95410,Mendocino,Albion
6,California,CA,95412,Sonoma,Annapolis
6,California,CA,95415,Mendocino,Boonville
6,California,CA,95417,Mendocino,Branscomb
6,California,CA,95419,Sonoma,Camp meeker
6,California,CA,95420,Mendocino,Caspar
6,California,CA,95421,Sonoma,Cazadero
6,California,CA,95422,Lake,Clearlake
6,California,CA,95423,Lake,Clearlake oaks
6,California,CA,95424,Lake,Clearlake park
6,California,CA,95425,Sonoma,Cloverdale
6,California,CA,95426,Lake,Loch lomond
6,California,CA,95427,Mendocino,Comptche
6,California,CA,95428,Mendocino,Covelo
6,California,CA,95429,Mendocino,Dos rios
6,California,CA,95430,Sonoma,Duncans mills
6,California,CA,95431,Sonoma,Eldridge
6,California,CA,95432,Mendocino,Elk
6,California,CA,95436,Sonoma,Forestville
6,California,CA,95437,Mendocino,Fort bragg
6,California,CA,95439,Sonoma,Fulton
6,California,CA,95441,Sonoma,Geyserville
6,California,CA,95442,Sonoma,Glen ellen
6,California,CA,95443,Lake,Glenhaven
6,California,CA,95444,Sonoma,Graton
6,California,CA,95445,Mendocino,Gualala
6,California,CA,95446,Sonoma,Guerneville
6,California,CA,95448,Sonoma,Healdsburg
6,California,CA,95449,Mendocino,Hopland
6,California,CA,95450,Sonoma,Jenner
6,California,CA,95451,Lake,Kelseyville
6,California,CA,95452,Sonoma,Kenwood
6,California,CA,95453,Lake,Lakeport
6,California,CA,95454,Mendocino,Laytonville
6,California,CA,95456,Mendocino,Littleriver
6,California,CA,95457,Lake,Lower lake
6,California,CA,95458,Lake,Lucerne
6,California,CA,95459,Mendocino,Manchester
6,California,CA,95460,Mendocino,Mendocino
6,California,CA,95461,Lake,Middletown
6,California,CA,95462,Sonoma,Russian river md
6,California,CA,95463,Mendocino,Navarro
6,California,CA,95464,Lake,Nice
6,California,CA,95465,Sonoma,Occidental
6,California,CA,95466,Mendocino,Philo
6,California,CA,95468,Mendocino,Point arena
6,California,CA,95469,Mendocino,Potter valley
6,California,CA,95470,Mendocino,Redwood valley
6,California,CA,95471,Sonoma,Rio nido
6,California,CA,95472,Sonoma,Freestone
6,California,CA,95476,Sonoma,Sonoma
6,California,CA,95480,Sonoma,Stewarts point
6,California,CA,95481,Mendocino,Talmage
6,California,CA,95482,Mendocino,Ukiah
6,California,CA,95485,Lake,Upper lake
6,California,CA,95488,Mendocino,Westport
6,California,CA,95490,Mendocino,Willits
6,California,CA,95492,Sonoma,Windsor
6,California,CA,95493,Lake,Witter springs
6,California,CA,95494,Mendocino,Yorkville
6,California,CA,95497,Sonoma,The sea ranch
6,California,CA,954HH,Lake,Zcta 954hh
6,California,CA,954XX,Mendocino,Zcta 954xx
6,California,CA,95501,Humboldt,Eureka
6,California,CA,95502,Humboldt,Eureka
6,California,CA,95503,Humboldt,Eureka
6,California,CA,95511,Humboldt,Alderpoint
6,California,CA,95514,Humboldt,Blocksburg
6,California,CA,95519,Humboldt,Zcta 95519
6,California,CA,95521,Humboldt,Mc kinleyville
6,California,CA,95524,Humboldt,Bayside
6,California,CA,95525,Humboldt,Blue lake
6,California,CA,95526,Humboldt,Ruth
6,California,CA,95527,Trinity,Burnt ranch
6,California,CA,95528,Humboldt,Carlotta
6,California,CA,95531,Del Norte,Crescent city
6,California,CA,95536,Humboldt,Ferndale
6,California,CA,95537,Humboldt,Fields landing
6,California,CA,95540,Humboldt,Fortuna
6,California,CA,95542,Humboldt,Garberville
6,California,CA,95543,Del Norte,Gasquet
6,California,CA,95545,Humboldt,Honeydew
6,California,CA,95546,Humboldt,Hoopa
6,California,CA,95547,Humboldt,Hydesville
6,California,CA,95548,Del Norte,Klamath
6,California,CA,95549,Humboldt,Kneeland
6,California,CA,95550,Humboldt,Korbel
6,California,CA,95551,Humboldt,Loleta
6,California,CA,95552,Trinity,Mad river
6,California,CA,95553,Humboldt,Miranda
6,California,CA,95554,Humboldt,Myers flat
6,California,CA,95555,Humboldt,Orick
6,California,CA,95556,Humboldt,Orleans
6,California,CA,95558,Humboldt,Petrolia
6,California,CA,95559,Humboldt,Phillipsville
6,California,CA,95560,Humboldt,Redway
6,California,CA,95562,Humboldt,Rio dell
6,California,CA,95563,Trinity,Salyer
6,California,CA,95564,Humboldt,Samoa
6,California,CA,95565,Humboldt,Scotia
6,California,CA,95567,Del Norte,Smith river
6,California,CA,95568,Siskiyou,Somes bar
6,California,CA,95569,Humboldt,Redcrest
6,California,CA,95570,Humboldt,Westhaven
6,California,CA,95571,Humboldt,Weott
6,California,CA,95573,Humboldt,Willow creek
6,California,CA,95585,Mendocino,Leggett
6,California,CA,95587,Mendocino,Piercy
6,California,CA,95589,Humboldt,Whitethorn
6,California,CA,95595,Trinity,Zenia
6,California,CA,955HH,Del Norte,Zcta 955hh
6,California,CA,955XX,Humboldt,Zcta 955xx
6,California,CA,95601,Amador,Amador city
6,California,CA,95602,Placer,Auburn
6,California,CA,95603,Placer,Auburn
6,California,CA,95605,Yolo,Bryte
6,California,CA,95606,Yolo,Brooks
6,California,CA,95607,Yolo,Capay
6,California,CA,95608,Sacramento,Carmichael
6,California,CA,95610,Sacramento,Citrus heights
6,California,CA,95612,Yolo,Clarksburg
6,California,CA,95613,El Dorado,Coloma
6,California,CA,95614,El Dorado,Cool
6,California,CA,95615,Sacramento,Courtland
6,California,CA,95616,Yolo,Davis
6,California,CA,95618,Yolo,El macero
6,California,CA,95619,El Dorado,Diamond springs
6,California,CA,95620,Solano,Liberty farms
6,California,CA,95621,Sacramento,Citrus heights
6,California,CA,95623,El Dorado,El dorado
6,California,CA,95624,Sacramento,Elk grove
6,California,CA,95625,Solano,Elmira
6,California,CA,95626,Sacramento,Elverta
6,California,CA,95627,Yolo,Esparto
6,California,CA,95628,Sacramento,Fair oaks
6,California,CA,95629,Amador,Fiddletown
6,California,CA,95630,Sacramento,El dorado hills
6,California,CA,95631,Placer,Foresthill
6,California,CA,95632,Sacramento,Galt
6,California,CA,95633,El Dorado,Garden valley
6,California,CA,95634,El Dorado,Georgetown
6,California,CA,95635,El Dorado,Greenwood
6,California,CA,95636,El Dorado,Grizzly flats
6,California,CA,95637,Yolo,Guinda
6,California,CA,95638,Sacramento,Herald
6,California,CA,95639,Sacramento,Hood
6,California,CA,95640,Amador,Ione
6,California,CA,95641,Sacramento,Isleton
6,California,CA,95642,Amador,Jackson
6,California,CA,95645,Yolo,Knights landing
6,California,CA,95646,Alpine,Kirkwood
6,California,CA,95648,Placer,Lincoln
6,California,CA,95650,Placer,Loomis
6,California,CA,95651,El Dorado,Lotus
6,California,CA,95653,Yolo,Madison
6,California,CA,95655,Sacramento,Mather afb
6,California,CA,95658,Placer,Newcastle
6,California,CA,95659,Sutter,Trowbridge
6,California,CA,95660,Sacramento,North highlands
6,California,CA,95661,Placer,Roseville
6,California,CA,95662,Sacramento,Orangevale
6,California,CA,95663,Placer,Penryn
6,California,CA,95664,El Dorado,Pilot hill
6,California,CA,95665,Amador,Pine grove
6,California,CA,95666,Amador,Pioneer
6,California,CA,95667,El Dorado,Placerville
6,California,CA,95668,Sutter,Pleasant grove
6,California,CA,95669,Amador,Plymouth
6,California,CA,95670,Sacramento,Gold river
6,California,CA,95672,El Dorado,Rescue
6,California,CA,95673,Sacramento,Rio linda
6,California,CA,95674,Sutter,Rio oso
6,California,CA,95675,Amador,River pines
6,California,CA,95676,Sutter,Robbins
6,California,CA,95677,Placer,Rocklin
6,California,CA,95678,Placer,Roseville
6,California,CA,95681,Placer,Sheridan
6,California,CA,95682,El Dorado,Cameron park
6,California,CA,95683,Sacramento,Rancho murieta
6,California,CA,95684,El Dorado,Somerset
6,California,CA,95685,Amador,Sutter creek
6,California,CA,95686,San Joaquin,Thornton
6,California,CA,95687,Solano,Vacaville
6,California,CA,95688,Solano,Vacaville
6,California,CA,95689,Amador,Volcano
6,California,CA,95690,Sacramento,Walnut grove
6,California,CA,95691,Yolo,West sacramento
6,California,CA,95692,Yuba,Wheatland
6,California,CA,95693,Sacramento,Wilton
6,California,CA,95694,Yolo,Winters
6,California,CA,95695,Yolo,Woodland
6,California,CA,956HH,Amador,Zcta 956hh
6,California,CA,956XX,El Dorado,Zcta 956xx
6,California,CA,95701,Placer,Alta
6,California,CA,95703,Placer,Applegate
6,California,CA,95709,El Dorado,Camino
6,California,CA,95713,Placer,Iowa hill
6,California,CA,95714,Placer,Dutch flat
6,California,CA,95715,Placer,Emigrant gap
6,California,CA,95717,Placer,Gold run
6,California,CA,95720,El Dorado,Kyburz
6,California,CA,95721,El Dorado,Echo lake
6,California,CA,95722,Placer,Meadow vista
6,California,CA,95726,El Dorado,Pacific house
6,California,CA,95728,Placer,Soda springs
6,California,CA,95735,El Dorado,Twin bridges
6,California,CA,95736,Placer,Weimar
6,California,CA,95742,Sacramento,Rancho cordova
6,California,CA,95746,Placer,Granite bay
6,California,CA,95747,Placer,Roseville
6,California,CA,95758,Sacramento,Elk grove
6,California,CA,95762,El Dorado,El dorado hills
6,California,CA,95765,Placer,Rocklin
6,California,CA,95776,Yolo,Woodland
6,California,CA,957HH,El Dorado,Zcta 957hh
6,California,CA,957XX,Placer,Zcta 957xx
6,California,CA,95814,Sacramento,Sacramento
6,California,CA,95815,Sacramento,Sacramento
6,California,CA,95816,Sacramento,Sacramento
6,California,CA,95817,Sacramento,Sacramento
6,California,CA,95818,Sacramento,Sacramento
6,California,CA,95819,Sacramento,Sacramento
6,California,CA,95820,Sacramento,Sacramento
6,California,CA,95821,Sacramento,Sacramento
6,California,CA,95822,Sacramento,Sacramento
6,California,CA,95823,Sacramento,Sacramento
6,California,CA,95824,Sacramento,Sacramento
6,California,CA,95825,Sacramento,Sacramento
6,California,CA,95826,Sacramento,Sacramento
6,California,CA,95827,Sacramento,Sacramento
6,California,CA,95828,Sacramento,Sacramento
6,California,CA,95829,Sacramento,Sacramento
6,California,CA,95830,Sacramento,Sacramento
6,California,CA,95831,Sacramento,Sacramento
6,California,CA,95832,Sacramento,Sacramento
6,California,CA,95833,Sacramento,Sacramento
6,California,CA,95834,Sacramento,Sacramento
6,California,CA,95835,Sacramento,Sacramento
6,California,CA,95836,Sacramento,Sacramento
6,California,CA,95837,Sacramento,Sacramento
6,California,CA,95838,Sacramento,Sacramento
6,California,CA,95841,Sacramento,Sacramento
6,California,CA,95842,Sacramento,Sacramento
6,California,CA,95843,Sacramento,Sacramento
6,California,CA,95864,Sacramento,Sacramento
6,California,CA,958HH,Sacramento,Zcta 958hh
6,California,CA,95901,Yuba,Marysville
6,California,CA,95903,Yuba,Beale afb
6,California,CA,95910,Sierra,Alleghany
6,California,CA,95912,Colusa,Arbuckle
6,California,CA,95913,Glenn,Artois
6,California,CA,95914,Butte,Bangor
6,California,CA,95916,Butte,Berry creek
6,California,CA,95917,Butte,Biggs
6,California,CA,95918,Yuba,Browns valley
6,California,CA,95919,Yuba,Brownsville
6,California,CA,95920,Glenn,Butte city
6,California,CA,95922,Yuba,Camptonville
6,California,CA,95923,Plumas,Canyondam
6,California,CA,95925,Yuba,Challenge
6,California,CA,95926,Butte,Cohasset
6,California,CA,95928,Butte,Chico
6,California,CA,95930,Butte,Clipper mills
6,California,CA,95932,Colusa,Colusa
6,California,CA,95934,Plumas,Crescent mills
6,California,CA,95935,Yuba,Dobbins
6,California,CA,95936,Sierra,Downieville
6,California,CA,95937,Colusa,Dunnigan
6,California,CA,95938,Butte,Durham
6,California,CA,95939,Glenn,Elk creek
6,California,CA,95941,Butte,Forbestown
6,California,CA,95942,Butte,Butte meadows
6,California,CA,95943,Glenn,Glenn
6,California,CA,95944,Sierra,Goodyears bar
6,California,CA,95945,Nevada,Grass valley
6,California,CA,95946,Nevada,Penn valley
6,California,CA,95947,Plumas,Greenville
6,California,CA,95948,Butte,Gridley
6,California,CA,95949,Nevada,Grass valley
6,California,CA,95950,Colusa,Grimes
6,California,CA,95951,Glenn,Hamilton city
6,California,CA,95953,Sutter,Live oak
6,California,CA,95954,Butte,Magalia
6,California,CA,95955,Colusa,Maxwell
6,California,CA,95956,Plumas,Meadow valley
6,California,CA,95957,Sutter,Meridian
6,California,CA,95959,Nevada,Nevada city
6,California,CA,95960,Nevada,North san juan
6,California,CA,95961,Yuba,Olivehurst
6,California,CA,95962,Yuba,Oregon house
6,California,CA,95963,Glenn,Orland
6,California,CA,95965,Butte,Pulga
6,California,CA,95966,Butte,Oroville
6,California,CA,95968,Butte,Palermo
6,California,CA,95969,Butte,Paradise
6,California,CA,95970,Colusa,Princeton
6,California,CA,95971,Plumas,Quincy
6,California,CA,95972,Yuba,Rackerby
6,California,CA,95973,Butte,Richardson sprin
6,California,CA,95974,Butte,Richvale
6,California,CA,95975,Nevada,Rough and ready
6,California,CA,95977,Nevada,Smartville
6,California,CA,95978,Butte,Stirling city
6,California,CA,95979,Colusa,Stonyford
6,California,CA,95981,Yuba,La porte
6,California,CA,95982,Sutter,Sutter
6,California,CA,95983,Plumas,Taylorsville
6,California,CA,95984,Plumas,Twain
6,California,CA,95986,Nevada,Washington
6,California,CA,95987,Colusa,Williams
6,California,CA,95988,Glenn,Willows
6,California,CA,95991,Sutter,Yuba city
6,California,CA,95993,Sutter,Yuba city
6,California,CA,959HH,Butte,Zcta 959hh
6,California,CA,959XX,Butte,Zcta 959xx
6,California,CA,96001,Shasta,Redding
6,California,CA,96002,Shasta,Redding
6,California,CA,96003,Shasta,Redding
6,California,CA,96006,Modoc,Adin
6,California,CA,96007,Shasta,Anderson
6,California,CA,96008,Shasta,Bella vista
6,California,CA,96009,Lassen,Bieber
6,California,CA,96010,Trinity,Big bar
6,California,CA,96011,Shasta,Big bend
6,California,CA,96013,Shasta,Burney
6,California,CA,96014,Siskiyou,Callahan
6,California,CA,96015,Modoc,Canby
6,California,CA,96016,Shasta,Cassel
6,California,CA,96017,Shasta,Castella
6,California,CA,96019,Shasta,Shasta lake
6,California,CA,96020,Plumas,Chester
6,California,CA,96021,Tehama,Corning
6,California,CA,96022,Shasta,Cottonwood
6,California,CA,96023,Siskiyou,Dorris
6,California,CA,96024,Trinity,Douglas city
6,California,CA,96025,Siskiyou,Dunsmuir
6,California,CA,96027,Siskiyou,Sawyers bar
6,California,CA,96028,Shasta,Fall river mills
6,California,CA,96029,Tehama,Flournoy
6,California,CA,96031,Siskiyou,Forks of salmon
6,California,CA,96032,Siskiyou,Fort jones
6,California,CA,96033,Shasta,French gulch
6,California,CA,96034,Siskiyou,Gazelle
6,California,CA,96035,Tehama,Gerber
6,California,CA,96037,Siskiyou,Greenview
6,California,CA,96038,Siskiyou,Grenada
6,California,CA,96039,Siskiyou,Happy camp
6,California,CA,96040,Shasta,Hat creek
6,California,CA,96041,Trinity,Hayfork
6,California,CA,96044,Siskiyou,Hornbrook
6,California,CA,96046,Trinity,Hyampom
6,California,CA,96047,Shasta,Igo
6,California,CA,96048,Trinity,Helena
6,California,CA,96050,Siskiyou,Klamath river
6,California,CA,96051,Shasta,Lakehead
6,California,CA,96052,Trinity,Lewiston
6,California,CA,96054,Modoc,Lookout
6,California,CA,96055,Tehama,Los molinos
6,California,CA,96056,Shasta,Mcarthur
6,California,CA,96057,Siskiyou,Mccloud
6,California,CA,96058,Siskiyou,Macdoel
6,California,CA,96059,Tehama,Manton
6,California,CA,96061,Tehama,Mill creek
6,California,CA,96062,Shasta,Millville
6,California,CA,96063,Tehama,Mineral
6,California,CA,96064,Siskiyou,Montague
6,California,CA,96065,Shasta,Montgomery creek
6,California,CA,96067,Siskiyou,Mount shasta
6,California,CA,96068,Lassen,Nubieber
6,California,CA,96069,Shasta,Oak run
6,California,CA,96071,Shasta,Old station
6,California,CA,96073,Shasta,Palo cedro
6,California,CA,96074,Tehama,Paskenta
6,California,CA,96075,Tehama,Paynes creek
6,California,CA,96076,Shasta,Wildwood
6,California,CA,96080,Tehama,Red bluff
6,California,CA,96084,Shasta,Round mountain
6,California,CA,96085,Siskiyou,Scott bar
6,California,CA,96086,Siskiyou,Seiad valley
6,California,CA,96087,Shasta,Shasta
6,California,CA,96088,Shasta,Shingletown
6,California,CA,96090,Tehama,Tehama
6,California,CA,96091,Trinity,Trinity center
6,California,CA,96092,Tehama,Vina
6,California,CA,96093,Trinity,Weaverville
6,California,CA,96094,Siskiyou,Edgewood
6,California,CA,96095,Shasta,Whiskeytown
6,California,CA,96096,Shasta,Whitmore
6,California,CA,96097,Siskiyou,Yreka
6,California,CA,960HH,Lassen,Zcta 960hh
6,California,CA,960XX,Siskiyou,Zcta 960xx
6,California,CA,96101,Modoc,Alturas
6,California,CA,96103,Plumas,Cromberg
6,California,CA,96104,Modoc,Cedarville
6,California,CA,96105,Plumas,Chilcoot
6,California,CA,96106,Plumas,Clio
6,California,CA,96107,Mono,Coleville
6,California,CA,96108,Modoc,Davis creek
6,California,CA,96109,Lassen,Doyle
6,California,CA,96110,Modoc,Eagleville
6,California,CA,96112,Modoc,Fort bidwell
6,California,CA,96113,Lassen,Herlong
6,California,CA,96114,Lassen,Janesville
6,California,CA,96115,Modoc,Lake city
6,California,CA,96116,Modoc,Likely
6,California,CA,96117,Lassen,Litchfield
6,California,CA,96118,Sierra,Loyalton
6,California,CA,96119,Lassen,Madeline
6,California,CA,96120,Alpine,Hope valley
6,California,CA,96121,Lassen,Milford
6,California,CA,96122,Plumas,Portola
6,California,CA,96123,Lassen,Ravendale
6,California,CA,96124,Sierra,Calpine
6,California,CA,96125,Sierra,Sierra city
6,California,CA,96126,Sierra,Sierraville
6,California,CA,96128,Lassen,Standish
6,California,CA,96130,Lassen,Susanville
6,California,CA,96132,Lassen,Termo
6,California,CA,96133,Mono,Topaz
6,California,CA,96134,Siskiyou,Tulelake
6,California,CA,96136,Lassen,Wendel
6,California,CA,96137,Lassen,Peninsula villag
6,California,CA,96140,Placer,Carnelian bay
6,California,CA,96141,Placer,Homewood
6,California,CA,96142,El Dorado,Tahoma
6,California,CA,96143,Placer,Kings beach
6,California,CA,96145,Placer,Tahoe city
6,California,CA,96146,Placer,Olympic valley
6,California,CA,96148,Placer,Tahoe vista
6,California,CA,96150,El Dorado,South lake tahoe
6,California,CA,96161,Nevada,Truckee
6,California,CA,961HH,El Dorado,Zcta 961hh
6,California,CA,961XX,Lassen,Zcta 961xx
6,California,CA,97635,Modoc,
6,California,CA,976HH,Modoc,
